Veg,Noise,Light,Area_m2,Temp,Rain,Mean_Count
1,46.3353096662657,9.72886994542991,41610.6928882736,14.6010804471076,770.43668522461,27.6086709126734
3,46.3353096662657,9.72886994542991,41610.6928882736,14.6010804471076,770.43668522461,27.7002127842964
4,46.3353096662657,9.72886994542991,41610.6928882736,14.6010804471076,770.43668522461,27.6086709126734
5,46.3353096662657,9.72886994542991,41610.6928882736,14.6010804471076,770.43668522461,27.6481392321458
