Veg,Noise,Light,Area_m2,Temp,Rain,WBCat2_ID,Count
3,46.4548231392838,14.3829164231032,60518.911162201,14.7545498291183,737.05167874231,144335,9.2398234362718
5,46.4548231392838,14.3829164231032,60518.911162201,14.7545498291183,737.05167874231,144335,9.2398234362718
1,46.4548231392838,14.3829164231032,60518.911162201,14.7545498291183,737.05167874231,144335,9.2398234362718
4,46.4548231392838,14.3829164231032,60518.911162201,14.7545498291183,737.05167874231,144335,9.2398234362718
